<?xml version="1.0" encoding="UTF-8"?>
<SquishReport version="3.5" xmlns="http://www.froglogic.com/resources/schemas/xml3" executedBy="Aaron Gao">
    <test type="testcase">
        <prolog time="2023-12-26T14:05:12.888+08:00">
            <name><![CDATA[tst_0104]]></name>
            <location>
                <uri><![CDATA[x-testsuite:/tst_0104]]></uri>
            </location>
        </prolog>
        <verification>
            <location>
                <uri><![CDATA[x-testcase:/test.js]]></uri>
                <lineNo><![CDATA[9]]></lineNo>
            </location>
            <scriptedVerificationResult type="PASS" time="2023-12-26T14:05:16.698+08:00">
                <scriptedLocation>
                    <uri><![CDATA[x-testcase:/test.js]]></uri>
                    <lineNo><![CDATA[9]]></lineNo>
                </scriptedLocation>
                <text><![CDATA[Comparison]]></text>
                <detail><![CDATA['1' and '1' are equal]]></detail>
            </scriptedVerificationResult>
        </verification>
        <epilog time="2023-12-26T14:05:17.317+08:00"/>
    </test>
</SquishReport>
