<?xml version="1.0" encoding="UTF-8"?>
<SquishReport version="3.5" xmlns="http://www.froglogic.com/resources/schemas/xml3" executedBy="Aaron Gao">
    <test type="testcase">
        <prolog time="2023-12-26T14:05:26.352+08:00">
            <name><![CDATA[tst_0106]]></name>
            <location>
                <uri><![CDATA[x-testsuite:/tst_0106]]></uri>
            </location>
        </prolog>
        <message time="2023-12-26T14:05:28.959+08:00" type="FATAL">
            <location>
                <uri><![CDATA[x-testcase:/test.js]]></uri>
                <lineNo><![CDATA[6]]></lineNo>
            </location>
            <text><![CDATA[AUT Crashed]]></text>
            <detail><![CDATA[Test 'tst_0106' aborted because AUT 'UselessIDE' (pid 44580, started 2023-12-26T14:05:26) crashed
]]></detail>
        </message>
        <epilog time="2023-12-26T14:05:28.970+08:00"/>
    </test>
</SquishReport>
