<?xml version="1.0" encoding="UTF-8"?>
<SquishReport version="3.5" xmlns="http://www.froglogic.com/resources/schemas/xml3" executedBy="Aaron Gao">
    <test type="testcase">
        <prolog time="2023-12-26T14:05:54.276+08:00">
            <name><![CDATA[tst_0109]]></name>
            <location>
                <uri><![CDATA[x-testsuite:/tst_0109]]></uri>
            </location>
        </prolog>
        <verification>
            <location>
                <uri><![CDATA[x-testcase:/test.js]]></uri>
                <lineNo><![CDATA[10]]></lineNo>
            </location>
            <scriptedVerificationResult type="PASS" time="2023-12-26T14:05:58.728+08:00">
                <scriptedLocation>
                    <uri><![CDATA[x-testcase:/test.js]]></uri>
                    <lineNo><![CDATA[10]]></lineNo>
                </scriptedLocation>
                <text><![CDATA[Comparison]]></text>
                <detail><![CDATA['0' and '0' are equal]]></detail>
            </scriptedVerificationResult>
        </verification>
        <verification>
            <location>
                <uri><![CDATA[x-testcase:/test.js]]></uri>
                <lineNo><![CDATA[36]]></lineNo>
            </location>
            <scriptedVerificationResult type="PASS" time="2023-12-26T14:06:03.151+08:00">
                <scriptedLocation>
                    <uri><![CDATA[x-testcase:/test.js]]></uri>
                    <lineNo><![CDATA[36]]></lineNo>
                </scriptedLocation>
                <text><![CDATA[Comparison]]></text>
                <detail><![CDATA['4' and '4' are equal]]></detail>
            </scriptedVerificationResult>
        </verification>
        <epilog time="2023-12-26T14:06:03.976+08:00"/>
    </test>
</SquishReport>
