<?xml version="1.0" encoding="utf-8"?>
<SquishReport xmlns="http://www.froglogic.com/resources/schemas/xml3" version="3.5">
    <test type="testsuite">
        <prolog time="2023-12-26T14:04:52.1904671+08:00">
            <name><![CDATA[suite_INT_CR]]></name>
            <location>
                <uri><![CDATA[file:/D:/Qt-Test/suite_INT_CR/]]></uri>
            </location>
        </prolog>
    <test type="testcase">
        <prolog time="2023-12-26T14:04:52.255+08:00">
            <name>tst_0101</name>
            <location>
                <uri><![CDATA[x-testsuite:/tst_0101]]></uri>
            </location>
        </prolog>
        <verification>
            <location>
                <uri><![CDATA[x-testcase:/test.js]]></uri>
                <lineNo>10</lineNo>
            </location>
            <scriptedVerificationResult time="2023-12-26T14:04:56.551+08:00" type="PASS">
                <scriptedLocation>
                    <uri><![CDATA[x-testcase:/test.js]]></uri>
                    <lineNo>10</lineNo>
                </scriptedLocation>
                <text>Comparison</text>
                <detail>'0' and '0' are equal</detail>
            </scriptedVerificationResult>
        </verification>
        <epilog time="2023-12-26T14:04:57.183+08:00"></epilog>
    </test>

    <test type="testcase">
        <prolog time="2023-12-26T14:04:59.320+08:00">
            <name>tst_0102</name>
            <location>
                <uri><![CDATA[x-testsuite:/tst_0102]]></uri>
            </location>
        </prolog>
        <verification>
            <location>
                <uri><![CDATA[x-testcase:/test.js]]></uri>
                <lineNo>9</lineNo>
            </location>
            <scriptedVerificationResult time="2023-12-26T14:05:03.374+08:00" type="FAIL">
                <scriptedLocation>
                    <uri><![CDATA[x-testcase:/test.js]]></uri>
                    <lineNo>9</lineNo>
                </scriptedLocation>
                <text>Comparison</text>
                <detail>'6' and '7' are not equal</detail>
            </scriptedVerificationResult>
        </verification>
        <epilog time="2023-12-26T14:05:03.973+08:00"></epilog>
    </test>

    <test type="testcase">
        <prolog time="2023-12-26T14:05:06.154+08:00">
            <name>tst_0103</name>
            <location>
                <uri><![CDATA[x-testsuite:/tst_0103]]></uri>
            </location>
        </prolog>
        <verification>
            <location>
                <uri><![CDATA[x-testcase:/test.js]]></uri>
                <lineNo>9</lineNo>
            </location>
            <scriptedVerificationResult time="2023-12-26T14:05:10.132+08:00" type="PASS">
                <scriptedLocation>
                    <uri><![CDATA[x-testcase:/test.js]]></uri>
                    <lineNo>9</lineNo>
                </scriptedLocation>
                <text>Comparison</text>
                <detail>'0' and '0' are equal</detail>
            </scriptedVerificationResult>
        </verification>
        <epilog time="2023-12-26T14:05:10.754+08:00"></epilog>
    </test>

    <test type="testcase">
        <prolog time="2023-12-26T14:05:12.888+08:00">
            <name>tst_0104</name>
            <location>
                <uri><![CDATA[x-testsuite:/tst_0104]]></uri>
            </location>
        </prolog>
        <verification>
            <location>
                <uri><![CDATA[x-testcase:/test.js]]></uri>
                <lineNo>9</lineNo>
            </location>
            <scriptedVerificationResult time="2023-12-26T14:05:16.698+08:00" type="PASS">
                <scriptedLocation>
                    <uri><![CDATA[x-testcase:/test.js]]></uri>
                    <lineNo>9</lineNo>
                </scriptedLocation>
                <text>Comparison</text>
                <detail>'1' and '1' are equal</detail>
            </scriptedVerificationResult>
        </verification>
        <epilog time="2023-12-26T14:05:17.317+08:00"></epilog>
    </test>

    <test type="testcase">
        <prolog time="2023-12-26T14:05:19.513+08:00">
            <name>tst_0105</name>
            <location>
                <uri><![CDATA[x-testsuite:/tst_0105]]></uri>
            </location>
        </prolog>
        <verification>
            <location>
                <uri><![CDATA[x-testcase:/test.js]]></uri>
                <lineNo>10</lineNo>
            </location>
            <scriptedVerificationResult time="2023-12-26T14:05:23.493+08:00" type="PASS">
                <scriptedLocation>
                    <uri><![CDATA[x-testcase:/test.js]]></uri>
                    <lineNo>10</lineNo>
                </scriptedLocation>
                <text>Comparison</text>
                <detail>'Compile unsuccessfully.
The file's suffix must be .c or .cpp.' and 'Compile unsuccessfully.
The file's suffix must be .c or .cpp.' are equal</detail>
            </scriptedVerificationResult>
        </verification>
        <epilog time="2023-12-26T14:05:24.182+08:00"></epilog>
    </test>

    <test type="testcase">
        <prolog time="2023-12-26T14:05:26.352+08:00">
            <name>tst_0106</name>
            <location>
                <uri><![CDATA[x-testsuite:/tst_0106]]></uri>
            </location>
        </prolog>
        <message time="2023-12-26T14:05:28.959+08:00" type="FATAL">
            <location>
                <uri><![CDATA[x-testcase:/test.js]]></uri>
                <lineNo>6</lineNo>
            </location>
            <text>AUT Crashed</text>
            <detail>Test 'tst_0106' aborted because AUT 'UselessIDE' (pid 44580, started 2023-12-26T14:05:26) crashed
</detail>
        </message>
        <epilog time="2023-12-26T14:05:28.970+08:00"></epilog>
    </test>

    <test type="testcase">
        <prolog time="2023-12-26T14:05:29.040+08:00">
            <name>tst_0107</name>
            <location>
                <uri><![CDATA[x-testsuite:/tst_0107]]></uri>
            </location>
        </prolog>
        <verification>
            <location>
                <uri><![CDATA[x-testcase:/test.js]]></uri>
                <lineNo>9</lineNo>
            </location>
            <scriptedVerificationResult time="2023-12-26T14:05:32.994+08:00" type="PASS">
                <scriptedLocation>
                    <uri><![CDATA[x-testcase:/test.js]]></uri>
                    <lineNo>9</lineNo>
                </scriptedLocation>
                <text>Comparison</text>
                <detail>'0' and '0' are equal</detail>
            </scriptedVerificationResult>
        </verification>
        <verification>
            <location>
                <uri><![CDATA[x-testcase:/test.js]]></uri>
                <lineNo>14</lineNo>
            </location>
            <scriptedVerificationResult time="2023-12-26T14:05:35.446+08:00" type="FAIL">
                <scriptedLocation>
                    <uri><![CDATA[x-testcase:/test.js]]></uri>
                    <lineNo>14</lineNo>
                </scriptedLocation>
                <text>Comparison</text>
                <detail>'6' and '7' are not equal</detail>
            </scriptedVerificationResult>
        </verification>
        <verification>
            <location>
                <uri><![CDATA[x-testcase:/test.js]]></uri>
                <lineNo>19</lineNo>
            </location>
            <scriptedVerificationResult time="2023-12-26T14:05:38.072+08:00" type="PASS">
                <scriptedLocation>
                    <uri><![CDATA[x-testcase:/test.js]]></uri>
                    <lineNo>19</lineNo>
                </scriptedLocation>
                <text>Comparison</text>
                <detail>'0' and '0' are equal</detail>
            </scriptedVerificationResult>
        </verification>
        <epilog time="2023-12-26T14:05:39.559+08:00"></epilog>
    </test>

    <test type="testcase">
        <prolog time="2023-12-26T14:05:41.747+08:00">
            <name>tst_0108</name>
            <location>
                <uri><![CDATA[x-testsuite:/tst_0108]]></uri>
            </location>
        </prolog>
        <verification>
            <location>
                <uri><![CDATA[x-testcase:/test.js]]></uri>
                <lineNo>10</lineNo>
            </location>
            <scriptedVerificationResult time="2023-12-26T14:05:46.380+08:00" type="FAIL">
                <scriptedLocation>
                    <uri><![CDATA[x-testcase:/test.js]]></uri>
                    <lineNo>10</lineNo>
                </scriptedLocation>
                <text>Comparison</text>
                <detail>'6' and '7' are not equal</detail>
            </scriptedVerificationResult>
        </verification>
        <verification>
            <location>
                <uri><![CDATA[x-testcase:/test.js]]></uri>
                <lineNo>21</lineNo>
            </location>
            <scriptedVerificationResult time="2023-12-26T14:05:51.258+08:00" type="PASS">
                <scriptedLocation>
                    <uri><![CDATA[x-testcase:/test.js]]></uri>
                    <lineNo>21</lineNo>
                </scriptedLocation>
                <text>Comparison</text>
                <detail>'0' and '0' are equal</detail>
            </scriptedVerificationResult>
        </verification>
        <epilog time="2023-12-26T14:05:52.091+08:00"></epilog>
    </test>

    <test type="testcase">
        <prolog time="2023-12-26T14:05:54.276+08:00">
            <name>tst_0109</name>
            <location>
                <uri><![CDATA[x-testsuite:/tst_0109]]></uri>
            </location>
        </prolog>
        <verification>
            <location>
                <uri><![CDATA[x-testcase:/test.js]]></uri>
                <lineNo>10</lineNo>
            </location>
            <scriptedVerificationResult time="2023-12-26T14:05:58.728+08:00" type="PASS">
                <scriptedLocation>
                    <uri><![CDATA[x-testcase:/test.js]]></uri>
                    <lineNo>10</lineNo>
                </scriptedLocation>
                <text>Comparison</text>
                <detail>'0' and '0' are equal</detail>
            </scriptedVerificationResult>
        </verification>
        <verification>
            <location>
                <uri><![CDATA[x-testcase:/test.js]]></uri>
                <lineNo>36</lineNo>
            </location>
            <scriptedVerificationResult time="2023-12-26T14:06:03.151+08:00" type="PASS">
                <scriptedLocation>
                    <uri><![CDATA[x-testcase:/test.js]]></uri>
                    <lineNo>36</lineNo>
                </scriptedLocation>
                <text>Comparison</text>
                <detail>'4' and '4' are equal</detail>
            </scriptedVerificationResult>
        </verification>
        <epilog time="2023-12-26T14:06:03.976+08:00"></epilog>
    </test>

        <epilog time="2023-12-26T14:06:06.1017811+08:00"></epilog>
    </test>
</SquishReport>