<?xml version="1.0" encoding="UTF-8"?>
<SquishReport version="3.5" xmlns="http://www.froglogic.com/resources/schemas/xml3" executedBy="Aaron Gao">
    <test type="testcase">
        <prolog time="2023-12-26T14:05:29.040+08:00">
            <name><![CDATA[tst_0107]]></name>
            <location>
                <uri><![CDATA[x-testsuite:/tst_0107]]></uri>
            </location>
        </prolog>
        <verification>
            <location>
                <uri><![CDATA[x-testcase:/test.js]]></uri>
                <lineNo><![CDATA[9]]></lineNo>
            </location>
            <scriptedVerificationResult type="PASS" time="2023-12-26T14:05:32.994+08:00">
                <scriptedLocation>
                    <uri><![CDATA[x-testcase:/test.js]]></uri>
                    <lineNo><![CDATA[9]]></lineNo>
                </scriptedLocation>
                <text><![CDATA[Comparison]]></text>
                <detail><![CDATA['0' and '0' are equal]]></detail>
            </scriptedVerificationResult>
        </verification>
        <verification>
            <location>
                <uri><![CDATA[x-testcase:/test.js]]></uri>
                <lineNo><![CDATA[14]]></lineNo>
            </location>
            <scriptedVerificationResult type="FAIL" time="2023-12-26T14:05:35.446+08:00">
                <scriptedLocation>
                    <uri><![CDATA[x-testcase:/test.js]]></uri>
                    <lineNo><![CDATA[14]]></lineNo>
                </scriptedLocation>
                <text><![CDATA[Comparison]]></text>
                <detail><![CDATA['6' and '7' are not equal]]></detail>
            </scriptedVerificationResult>
        </verification>
        <verification>
            <location>
                <uri><![CDATA[x-testcase:/test.js]]></uri>
                <lineNo><![CDATA[19]]></lineNo>
            </location>
            <scriptedVerificationResult type="PASS" time="2023-12-26T14:05:38.072+08:00">
                <scriptedLocation>
                    <uri><![CDATA[x-testcase:/test.js]]></uri>
                    <lineNo><![CDATA[19]]></lineNo>
                </scriptedLocation>
                <text><![CDATA[Comparison]]></text>
                <detail><![CDATA['0' and '0' are equal]]></detail>
            </scriptedVerificationResult>
        </verification>
        <epilog time="2023-12-26T14:05:39.559+08:00"/>
    </test>
</SquishReport>
