<?xml version="1.0" encoding="UTF-8"?>
<SquishReport version="3.5" xmlns="http://www.froglogic.com/resources/schemas/xml3" executedBy="Aaron Gao">
    <test type="testcase">
        <prolog time="2023-12-26T14:05:41.747+08:00">
            <name><![CDATA[tst_0108]]></name>
            <location>
                <uri><![CDATA[x-testsuite:/tst_0108]]></uri>
            </location>
        </prolog>
        <verification>
            <location>
                <uri><![CDATA[x-testcase:/test.js]]></uri>
                <lineNo><![CDATA[10]]></lineNo>
            </location>
            <scriptedVerificationResult type="FAIL" time="2023-12-26T14:05:46.380+08:00">
                <scriptedLocation>
                    <uri><![CDATA[x-testcase:/test.js]]></uri>
                    <lineNo><![CDATA[10]]></lineNo>
                </scriptedLocation>
                <text><![CDATA[Comparison]]></text>
                <detail><![CDATA['6' and '7' are not equal]]></detail>
            </scriptedVerificationResult>
        </verification>
        <verification>
            <location>
                <uri><![CDATA[x-testcase:/test.js]]></uri>
                <lineNo><![CDATA[21]]></lineNo>
            </location>
            <scriptedVerificationResult type="PASS" time="2023-12-26T14:05:51.258+08:00">
                <scriptedLocation>
                    <uri><![CDATA[x-testcase:/test.js]]></uri>
                    <lineNo><![CDATA[21]]></lineNo>
                </scriptedLocation>
                <text><![CDATA[Comparison]]></text>
                <detail><![CDATA['0' and '0' are equal]]></detail>
            </scriptedVerificationResult>
        </verification>
        <epilog time="2023-12-26T14:05:52.091+08:00"/>
    </test>
</SquishReport>
