<?xml version="1.0" encoding="UTF-8"?>
<SquishReport version="3.5" xmlns="http://www.froglogic.com/resources/schemas/xml3" executedBy="Aaron Gao">
    <test type="testcase">
        <prolog time="2023-12-26T14:04:59.320+08:00">
            <name><![CDATA[tst_0102]]></name>
            <location>
                <uri><![CDATA[x-testsuite:/tst_0102]]></uri>
            </location>
        </prolog>
        <verification>
            <location>
                <uri><![CDATA[x-testcase:/test.js]]></uri>
                <lineNo><![CDATA[9]]></lineNo>
            </location>
            <scriptedVerificationResult type="FAIL" time="2023-12-26T14:05:03.374+08:00">
                <scriptedLocation>
                    <uri><![CDATA[x-testcase:/test.js]]></uri>
                    <lineNo><![CDATA[9]]></lineNo>
                </scriptedLocation>
                <text><![CDATA[Comparison]]></text>
                <detail><![CDATA['6' and '7' are not equal]]></detail>
            </scriptedVerificationResult>
        </verification>
        <epilog time="2023-12-26T14:05:03.973+08:00"/>
    </test>
</SquishReport>
