<?xml version="1.0" encoding="UTF-8"?>
<SquishReport version="3.5" xmlns="http://www.froglogic.com/resources/schemas/xml3" executedBy="Aaron Gao">
    <test type="testcase">
        <prolog time="2023-12-26T14:05:19.513+08:00">
            <name><![CDATA[tst_0105]]></name>
            <location>
                <uri><![CDATA[x-testsuite:/tst_0105]]></uri>
            </location>
        </prolog>
        <verification>
            <location>
                <uri><![CDATA[x-testcase:/test.js]]></uri>
                <lineNo><![CDATA[10]]></lineNo>
            </location>
            <scriptedVerificationResult type="PASS" time="2023-12-26T14:05:23.493+08:00">
                <scriptedLocation>
                    <uri><![CDATA[x-testcase:/test.js]]></uri>
                    <lineNo><![CDATA[10]]></lineNo>
                </scriptedLocation>
                <text><![CDATA[Comparison]]></text>
                <detail><![CDATA['Compile unsuccessfully.
The file's suffix must be .c or .cpp.' and 'Compile unsuccessfully.
The file's suffix must be .c or .cpp.' are equal]]></detail>
            </scriptedVerificationResult>
        </verification>
        <epilog time="2023-12-26T14:05:24.182+08:00"/>
    </test>
</SquishReport>
